coin,address,amount,status,result
ETH,0xD493D98835F33DEec2e5633762d18D60fFa0FED7,0.00838,success,{'id': '6df82700f38a4e0c8428cd2246763a33'}
ETH,0xe06912edB0F10C87F38Eb220f9e7e081e95020a2,0.0081,failed,"(400, -2015, 'Invalid API-key, IP, or permissions for action.', {'Content-Type': 'application/json', 'Content-Length': '70', 'Connection': 'keep-alive', 'Date': 'Thu, 08 May 2025 01:02:23 GMT', 'Expires': '0', 'Server': 'nginx', 'Strict-Transport-Security': 'max-age=31536000; includeSubdomains', 'X-Frame-Options': 'SAMEORIGIN', 'X-Xss-Protection': '1; mode=block', 'X-Content-Type-Options': 'nosniff', 'Content-Security-Policy': ""default-src 'self'"", 'X-Content-Security-Policy': ""default-src 'self'"", 'X-WebKit-CSP': ""default-src 'self'"", 'Cache-Control': 'no-cache, no-store, must-revalidate', 'Pragma': 'no-cache', 'X-Cache': 'Error from cloudfront', 'Via': '1.1 deeb8d02c9d7ff7da5b56483ec0e799e.cloudfront.net (CloudFront)', 'X-Amz-Cf-Pop': 'HKG1-P2', 'X-Amz-Cf-Id': 'jN0_u7AemaDspw8Qd7EM8Wlj9c5WPICYQOLjdm4lYDca78EySIsZcw=='}, None)"
ETH,0x39CDD7156fBD3044a6D187197a63010Db74B1B97,0.00993,failed,"(400, -2015, 'Invalid API-key, IP, or permissions for action.', {'Content-Type': 'application/json', 'Content-Length': '70', 'Connection': 'keep-alive', 'Date': 'Thu, 08 May 2025 01:03:17 GMT', 'Server': 'nginx', 'Strict-Transport-Security': 'max-age=31536000; includeSubdomains', 'X-Frame-Options': 'SAMEORIGIN', 'X-Xss-Protection': '1; mode=block', 'X-Content-Type-Options': 'nosniff', 'Content-Security-Policy': ""default-src 'self'"", 'X-Content-Security-Policy': ""default-src 'self'"", 'X-WebKit-CSP': ""default-src 'self'"", 'Cache-Control': 'no-cache, no-store, must-revalidate', 'Pragma': 'no-cache', 'Expires': '0', 'X-Cache': 'Error from cloudfront', 'Via': '1.1 deeb8d02c9d7ff7da5b56483ec0e799e.cloudfront.net (CloudFront)', 'X-Amz-Cf-Pop': 'HKG1-P2', 'X-Amz-Cf-Id': '4ryDu-g0l3P2beq3QHTA6Lexp8tO-7Vaky_qpw-m8PPc0am4T0n9hg=='}, None)"
ETH,0xBCA3e3275d047c1d364851aD217E37E59e64D82c,0.00874,success,{'id': 'f86c26d6975c4656b5bf590af7302cdc'}
ETH,0x9373319853DD87d71C67c23051Bd71913Be76420,0.00957,failed,"(400, -2015, 'Invalid API-key, IP, or permissions for action.', {'Content-Type': 'application/json', 'Content-Length': '70', 'Connection': 'keep-alive', 'Date': 'Thu, 08 May 2025 01:09:29 GMT', 'Expires': '0', 'Server': 'nginx', 'Strict-Transport-Security': 'max-age=31536000; includeSubdomains', 'X-Frame-Options': 'SAMEORIGIN', 'X-Xss-Protection': '1; mode=block', 'X-Content-Type-Options': 'nosniff', 'Content-Security-Policy': ""default-src 'self'"", 'X-Content-Security-Policy': ""default-src 'self'"", 'X-WebKit-CSP': ""default-src 'self'"", 'Cache-Control': 'no-cache, no-store, must-revalidate', 'Pragma': 'no-cache', 'X-Cache': 'Error from cloudfront', 'Via': '1.1 bcdf60906265f9ca9cfebfcbb40823ba.cloudfront.net (CloudFront)', 'X-Amz-Cf-Pop': 'HKG1-P1', 'X-Amz-Cf-Id': 'hIDMNfx0U4U_K7mlC4zwGygliKY1RRSeALXy91BdfdvvUYg2hB9hvw=='}, None)"
ETH,0x8a4f3019c59198d5ACBF38BAAc43e1208bb528BE,0.00803,failed,"(400, -2015, 'Invalid API-key, IP, or permissions for action.', {'Content-Type': 'application/json', 'Content-Length': '70', 'Connection': 'keep-alive', 'Date': 'Thu, 08 May 2025 01:11:44 GMT', 'Server': 'nginx', 'Strict-Transport-Security': 'max-age=31536000; includeSubdomains', 'X-Frame-Options': 'SAMEORIGIN', 'X-Xss-Protection': '1; mode=block', 'X-Content-Type-Options': 'nosniff', 'Content-Security-Policy': ""default-src 'self'"", 'X-Content-Security-Policy': ""default-src 'self'"", 'X-WebKit-CSP': ""default-src 'self'"", 'Cache-Control': 'no-cache, no-store, must-revalidate', 'Pragma': 'no-cache', 'Expires': '0', 'X-Cache': 'Error from cloudfront', 'Via': '1.1 3448fddde721c06696a591caf57a416c.cloudfront.net (CloudFront)', 'X-Amz-Cf-Pop': 'HKG1-P1', 'X-Amz-Cf-Id': 'D3o52Nb-TaT0orL8NtKD9m9L26SnGecR0nQhvOqdlBV4D7Kkk-Bj3A=='}, None)"
ETH,0x4611dD1B9fE163978462cb76731459DCd34E9548,0.00889,failed,"(400, -2015, 'Invalid API-key, IP, or permissions for action.', {'Content-Type': 'application/json', 'Content-Length': '70', 'Connection': 'keep-alive', 'Date': 'Thu, 08 May 2025 01:16:17 GMT', 'Server': 'nginx', 'Strict-Transport-Security': 'max-age=31536000; includeSubdomains', 'X-Frame-Options': 'SAMEORIGIN', 'X-Xss-Protection': '1; mode=block', 'X-Content-Type-Options': 'nosniff', 'Content-Security-Policy': ""default-src 'self'"", 'X-Content-Security-Policy': ""default-src 'self'"", 'X-WebKit-CSP': ""default-src 'self'"", 'Cache-Control': 'no-cache, no-store, must-revalidate', 'Pragma': 'no-cache', 'Expires': '0', 'X-Cache': 'Error from cloudfront', 'Via': '1.1 6ecfd03d122a5138cab77c6340f65490.cloudfront.net (CloudFront)', 'X-Amz-Cf-Pop': 'HKG1-P2', 'X-Amz-Cf-Id': 'UynnBWe40qSGFVfHnzhxa5QvHBPKbN1ZWY3qN3f43_1OwTvPOH7Q7Q=='}, None)"
ETH,0xD55D0BdeE8086567Ff7ad139244B9214CEB959A3,0.0088,success,{'id': 'a3db068e12714402b6abecc3690e3036'}
ETH,0x860E087d0997c6C9fF4bF2A48DbDA1c38CDe9471,0.00927,success,{'id': '346e244457164a46bcb419f5c6467cf0'}
ETH,0x29734e1b8034fd6f3bEd3815Fbbe7d56F49776a4,0.00944,success,{'id': 'fa49c16e7e714974b5d5c9511fb7ae94'}
ETH,0xbBdF5C64BF463BE9E043AA0F79139cEAcb282656,0.00963,success,{'id': '14a0a482874544269e1ac72f90bcb460'}
ETH,0x5d120834C41d4c8e7AF901A015d9F320cc9C51a4,0.00826,failed,"(400, -2015, 'Invalid API-key, IP, or permissions for action.', {'Content-Type': 'application/json', 'Content-Length': '70', 'Connection': 'keep-alive', 'Date': 'Thu, 08 May 2025 01:25:36 GMT', 'Server': 'nginx', 'Strict-Transport-Security': 'max-age=31536000; includeSubdomains', 'X-Frame-Options': 'SAMEORIGIN', 'X-Xss-Protection': '1; mode=block', 'X-Content-Type-Options': 'nosniff', 'Content-Security-Policy': ""default-src 'self'"", 'X-Content-Security-Policy': ""default-src 'self'"", 'X-WebKit-CSP': ""default-src 'self'"", 'Cache-Control': 'no-cache, no-store, must-revalidate', 'Pragma': 'no-cache', 'Expires': '0', 'X-Cache': 'Error from cloudfront', 'Via': '1.1 b02f1da3681c9ab21069cabd3519feea.cloudfront.net (CloudFront)', 'X-Amz-Cf-Pop': 'HKG1-P1', 'X-Amz-Cf-Id': 'mWq1SeC7BMJJJoNONu3FTwpjfllGiEZPWYrv8tTvBO5B7yYqUIl7eA=='}, None)"
ETH,0x011d63abb34bA71aAC8d43854Ff9493377FD9BcB,0.00916,failed,"(400, -2015, 'Invalid API-key, IP, or permissions for action.', {'Content-Type': 'application/json', 'Content-Length': '70', 'Connection': 'keep-alive', 'Date': 'Thu, 08 May 2025 01:26:06 GMT', 'Server': 'nginx', 'Strict-Transport-Security': 'max-age=31536000; includeSubdomains', 'X-Frame-Options': 'SAMEORIGIN', 'X-Xss-Protection': '1; mode=block', 'X-Content-Type-Options': 'nosniff', 'Content-Security-Policy': ""default-src 'self'"", 'X-Content-Security-Policy': ""default-src 'self'"", 'X-WebKit-CSP': ""default-src 'self'"", 'Cache-Control': 'no-cache, no-store, must-revalidate', 'Pragma': 'no-cache', 'Expires': '0', 'X-Cache': 'Error from cloudfront', 'Via': '1.1 b02f1da3681c9ab21069cabd3519feea.cloudfront.net (CloudFront)', 'X-Amz-Cf-Pop': 'HKG1-P1', 'X-Amz-Cf-Id': 'ZGcSdpHTR5SerMcLyyLHUv3Q7rWoJTxzXXQalr6jyhfKExCFzuukdA=='}, None)"
ETH,0xec58293E1003f33db27F2aAbBe67105718A9Cd31,0.00997,success,{'id': '6d7b939dc5744bb19c5d8ee67f1e11bc'}
ETH,0x25304AFE2E34CAf664E150e364a0667550379101,0.00859,success,{'id': '120099c6a933470eb6489940fe695318'}
ETH,0x4390183a381444c172342885002dE4dA120789a0,0.00957,success,{'id': 'ea03b6bd16894e8cb0d0123439d3f1e7'}
ETH,0x582502d16F1268F4f1FDDE1A1d6Ab666Ed1d1189,0.00836,failed,"(400, -2015, 'Invalid API-key, IP, or permissions for action.', {'Content-Type': 'application/json', 'Content-Length': '70', 'Connection': 'keep-alive', 'Date': 'Thu, 08 May 2025 01:36:00 GMT', 'Server': 'nginx', 'Strict-Transport-Security': 'max-age=31536000; includeSubdomains', 'X-Frame-Options': 'SAMEORIGIN', 'X-Xss-Protection': '1; mode=block', 'X-Content-Type-Options': 'nosniff', 'Content-Security-Policy': ""default-src 'self'"", 'X-Content-Security-Policy': ""default-src 'self'"", 'X-WebKit-CSP': ""default-src 'self'"", 'Cache-Control': 'no-cache, no-store, must-revalidate', 'Pragma': 'no-cache', 'Expires': '0', 'X-Cache': 'Error from cloudfront', 'Via': '1.1 10ea2fcd3c290fc39fdd11e80888f578.cloudfront.net (CloudFront)', 'X-Amz-Cf-Pop': 'HKG1-P2', 'X-Amz-Cf-Id': '6M45H2TX-DihKEmZrIAGpLDLrRhhu93cOxrjBWyFKTwMbvxH-ARWVQ=='}, None)"
ETH,0x80DFB890fdD1cb4F3B57a799eF80AAe896083926,0.0091,failed,"(400, -2015, 'Invalid API-key, IP, or permissions for action.', {'Content-Type': 'application/json', 'Content-Length': '70', 'Connection': 'keep-alive', 'Date': 'Thu, 08 May 2025 01:36:21 GMT', 'Server': 'nginx', 'Strict-Transport-Security': 'max-age=31536000; includeSubdomains', 'X-Frame-Options': 'SAMEORIGIN', 'X-Xss-Protection': '1; mode=block', 'X-Content-Type-Options': 'nosniff', 'Content-Security-Policy': ""default-src 'self'"", 'X-Content-Security-Policy': ""default-src 'self'"", 'X-WebKit-CSP': ""default-src 'self'"", 'Cache-Control': 'no-cache, no-store, must-revalidate', 'Pragma': 'no-cache', 'Expires': '0', 'X-Cache': 'Error from cloudfront', 'Via': '1.1 10ea2fcd3c290fc39fdd11e80888f578.cloudfront.net (CloudFront)', 'X-Amz-Cf-Pop': 'HKG1-P2', 'X-Amz-Cf-Id': 'DOJTdrssxL8kFs1GQNmu8QPAox4eNipSFjt4yyLKULeOiPUIW4CU8Q=='}, None)"
ETH,0xEe1d93A63bC4e68c666cbC1520A205e9EF2A32FF,0.00918,failed,"(400, -2015, 'Invalid API-key, IP, or permissions for action.', {'Content-Type': 'application/json', 'Content-Length': '70', 'Connection': 'keep-alive', 'Date': 'Thu, 08 May 2025 01:39:16 GMT', 'Server': 'nginx', 'Strict-Transport-Security': 'max-age=31536000; includeSubdomains', 'X-Frame-Options': 'SAMEORIGIN', 'X-Xss-Protection': '1; mode=block', 'X-Content-Type-Options': 'nosniff', 'Content-Security-Policy': ""default-src 'self'"", 'X-Content-Security-Policy': ""default-src 'self'"", 'X-WebKit-CSP': ""default-src 'self'"", 'Cache-Control': 'no-cache, no-store, must-revalidate', 'Pragma': 'no-cache', 'Expires': '0', 'X-Cache': 'Error from cloudfront', 'Via': '1.1 f7466ec28218568d891ebf34f75ec8e6.cloudfront.net (CloudFront)', 'X-Amz-Cf-Pop': 'HKG1-P1', 'X-Amz-Cf-Id': 'nxd8X_Fk5r7M1f3l90TLSx2J3JBhInXpAKpYdywt5InSGsXpuCdlhQ=='}, None)"
ETH,0x787257A1e22F3c79D0B04D89238f6AF4332E654a,0.00877,success,{'id': 'a432f9959cf0402ba084eebf1cc6752a'}
ETH,0xc26cBf5E31f34683a91f8E31255f1251c58fEB94,0.00811,failed,"(400, -2015, 'Invalid API-key, IP, or permissions for action.', {'Content-Type': 'application/json', 'Content-Length': '70', 'Connection': 'keep-alive', 'Date': 'Thu, 08 May 2025 01:43:31 GMT', 'Expires': '0', 'Server': 'nginx', 'Strict-Transport-Security': 'max-age=31536000; includeSubdomains', 'X-Frame-Options': 'SAMEORIGIN', 'X-Xss-Protection': '1; mode=block', 'X-Content-Type-Options': 'nosniff', 'Content-Security-Policy': ""default-src 'self'"", 'X-Content-Security-Policy': ""default-src 'self'"", 'X-WebKit-CSP': ""default-src 'self'"", 'Cache-Control': 'no-cache, no-store, must-revalidate', 'Pragma': 'no-cache', 'X-Cache': 'Error from cloudfront', 'Via': '1.1 f9a5fa5e52d164963ff89d3e6c0df274.cloudfront.net (CloudFront)', 'X-Amz-Cf-Pop': 'HKG1-P2', 'X-Amz-Cf-Id': 'UG6AqXB3HS4-WcpCudSTZ5E8wj4W_X0AmQLAwmT4fpKpFyk_FgeX_w=='}, None)"
ETH,0x7C813719e4dB54365d115019FB49f1B3A1C82A89,0.00898,failed,"(400, -2015, 'Invalid API-key, IP, or permissions for action.', {'Content-Type': 'application/json', 'Content-Length': '70', 'Connection': 'keep-alive', 'Date': 'Thu, 08 May 2025 01:44:46 GMT', 'Server': 'nginx', 'Strict-Transport-Security': 'max-age=31536000; includeSubdomains', 'X-Frame-Options': 'SAMEORIGIN', 'X-Xss-Protection': '1; mode=block', 'X-Content-Type-Options': 'nosniff', 'Content-Security-Policy': ""default-src 'self'"", 'X-Content-Security-Policy': ""default-src 'self'"", 'X-WebKit-CSP': ""default-src 'self'"", 'Cache-Control': 'no-cache, no-store, must-revalidate', 'Pragma': 'no-cache', 'Expires': '0', 'X-Cache': 'Error from cloudfront', 'Via': '1.1 63947a1a73ede74a39fa169dcf13227a.cloudfront.net (CloudFront)', 'X-Amz-Cf-Pop': 'HKG1-P1', 'X-Amz-Cf-Id': 'zDDVuKSm_-ih4axsYP8jM727Gv_r1h9HqA80Ts9xNvNmlnmltfN6FQ=='}, None)"
ETH,0x97E6222Bd9E2A64217E25d28079655cB6DC24E3d,0.00953,success,{'id': '438d7522124f47bdaf5d61d50a5b2419'}
ETH,0x03E8e2E0114621D9EBa379a3f338828b527f3d3F,0.00988,success,{'id': '1955718c683e4dba9d536d1b66eb1f77'}
ETH,0xe451DE29B897B2495f5d7a04D69518fd47B6aBB0,0.00957,success,{'id': 'a53882b9ba324566bbbadffd283c8172'}
ETH,0xA8023c1d6141A9898eCf9F6FD8966bA4eB32EAe4,0.00888,failed,"(400, -2015, 'Invalid API-key, IP, or permissions for action.', {'Content-Type': 'application/json', 'Content-Length': '70', 'Connection': 'keep-alive', 'Date': 'Thu, 08 May 2025 02:01:12 GMT', 'Expires': '0', 'Server': 'nginx', 'Strict-Transport-Security': 'max-age=31536000; includeSubdomains', 'X-Frame-Options': 'SAMEORIGIN', 'X-Xss-Protection': '1; mode=block', 'X-Content-Type-Options': 'nosniff', 'Content-Security-Policy': ""default-src 'self'"", 'X-Content-Security-Policy': ""default-src 'self'"", 'X-WebKit-CSP': ""default-src 'self'"", 'Cache-Control': 'no-cache, no-store, must-revalidate', 'Pragma': 'no-cache', 'X-Cache': 'Error from cloudfront', 'Via': '1.1 15d5c0e8a9fd782f313749a7e1beb158.cloudfront.net (CloudFront)', 'X-Amz-Cf-Pop': 'HKG54-P2', 'X-Amz-Cf-Id': 'pQ-ndvqi9Ck9QPt59uOAzztu049t2Z51575AJMctUL7M8-9zDCc7tw=='}, None)"
ETH,0xf8dd98107e982866EDb1886Aa94E2edFDD39b65A,0.00869,success,{'id': 'c6420d00a36b4f40ac317363d66a5d5e'}
ETH,0x8F120416847D89F9da510759C0DDdf85e66E93C3,0.00819,success,{'id': '3ccd904cd24446d5bdd024c85e65223d'}
ETH,0x951FdFD5Ca620d7529c41697F158F9d2b23DE959,0.00909,failed,"(400, -2015, 'Invalid API-key, IP, or permissions for action.', {'Content-Type': 'application/json', 'Content-Length': '70', 'Connection': 'keep-alive', 'Date': 'Thu, 08 May 2025 02:08:12 GMT', 'Expires': '0', 'Server': 'nginx', 'Strict-Transport-Security': 'max-age=31536000; includeSubdomains', 'X-Frame-Options': 'SAMEORIGIN', 'X-Xss-Protection': '1; mode=block', 'X-Content-Type-Options': 'nosniff', 'Content-Security-Policy': ""default-src 'self'"", 'X-Content-Security-Policy': ""default-src 'self'"", 'X-WebKit-CSP': ""default-src 'self'"", 'Cache-Control': 'no-cache, no-store, must-revalidate', 'Pragma': 'no-cache', 'X-Cache': 'Error from cloudfront', 'Via': '1.1 55ff619a9ceaaf3120ebbff1d9726b42.cloudfront.net (CloudFront)', 'X-Amz-Cf-Pop': 'HKG54-P2', 'X-Amz-Cf-Id': '5IInCZKXyPlu0EhjY9qrSfzDWu_wsqgStdjtV8rubmvJcSZVz3VpwA=='}, None)"
ETH,0x54D020E046645D59A56a4AE89dcf4F7BbCF7412a,0.00855,failed,"(400, -2015, 'Invalid API-key, IP, or permissions for action.', {'Content-Type': 'application/json', 'Content-Length': '70', 'Connection': 'keep-alive', 'Date': 'Thu, 08 May 2025 02:08:15 GMT', 'Expires': '0', 'Server': 'nginx', 'Strict-Transport-Security': 'max-age=31536000; includeSubdomains', 'X-Frame-Options': 'SAMEORIGIN', 'X-Xss-Protection': '1; mode=block', 'X-Content-Type-Options': 'nosniff', 'Content-Security-Policy': ""default-src 'self'"", 'X-Content-Security-Policy': ""default-src 'self'"", 'X-WebKit-CSP': ""default-src 'self'"", 'Cache-Control': 'no-cache, no-store, must-revalidate', 'Pragma': 'no-cache', 'X-Cache': 'Error from cloudfront', 'Via': '1.1 55ff619a9ceaaf3120ebbff1d9726b42.cloudfront.net (CloudFront)', 'X-Amz-Cf-Pop': 'HKG54-P2', 'X-Amz-Cf-Id': 'YutSDKjNmD5RWTmd6MIgWol6iUxeFygujzJ1fFB2cOULuvfnWEuMLw=='}, None)"
ETH,0x3b9e9e18b42dadDAA50F6F46B77508EA5eef30aa,0.00948,failed,"(400, -2015, 'Invalid API-key, IP, or permissions for action.', {'Content-Type': 'application/json', 'Content-Length': '70', 'Connection': 'keep-alive', 'Date': 'Thu, 08 May 2025 02:11:17 GMT', 'Expires': '0', 'Server': 'nginx', 'Strict-Transport-Security': 'max-age=31536000; includeSubdomains', 'X-Frame-Options': 'SAMEORIGIN', 'X-Xss-Protection': '1; mode=block', 'X-Content-Type-Options': 'nosniff', 'Content-Security-Policy': ""default-src 'self'"", 'X-Content-Security-Policy': ""default-src 'self'"", 'X-WebKit-CSP': ""default-src 'self'"", 'Cache-Control': 'no-cache, no-store, must-revalidate', 'Pragma': 'no-cache', 'X-Cache': 'Error from cloudfront', 'Via': '1.1 c1e3b7bb1e6e9268ef58ea5c997631a2.cloudfront.net (CloudFront)', 'X-Amz-Cf-Pop': 'HKG54-P2', 'X-Amz-Cf-Id': 'XjNNVgKbhvP-RKaE9TARhE8l0MEMNIfTEapmIZF5lsGUT2L_BcKpQw=='}, None)"
ETH,0xa582B52944E8069dEc30838d97d04B9281A65De4,0.00944,success,{'id': 'f6c3df6f8a42424c89b42bf6494a311f'}
ETH,0x9494f83428B0762b142e2Ef137A7e7380E035C52,0.00823,success,{'id': 'f3513aa6f70e415ba687fd58a1b5c32c'}
ETH,0x0295C09d6c0d18bB8090f866eC71595Ce2cCa4De,0.0093,success,{'id': '31c404f0a2eb49d08109e96602a7543f'}
ETH,0xA4918484c0e3F0655E025edB45ebC2608af1b5aB,0.00842,success,{'id': 'c2c8a4b195824fbbb67a5f33513b26ac'}
ETH,0xeDD92FAF24FaFB149BB716C1D7c8D398611bE2eF,0.00926,success,{'id': '5b1ba4b9f5a8461e92547e8509a4a056'}
ETH,0xC403269c902C031B7719600528b91bc74A086b0f,0.00965,success,{'id': 'b0b4ad63e1744c1ba9d2f8a7e6e5a9f7'}
ETH,0x8AEDC019d92831e0e864C7e7C8A849f97f0B14CC,0.0098,failed,"(400, -2015, 'Invalid API-key, IP, or permissions for action.', {'Content-Type': 'application/json', 'Content-Length': '70', 'Connection': 'keep-alive', 'Date': 'Thu, 08 May 2025 02:26:40 GMT', 'Server': 'nginx', 'Strict-Transport-Security': 'max-age=31536000; includeSubdomains', 'X-Frame-Options': 'SAMEORIGIN', 'X-Xss-Protection': '1; mode=block', 'X-Content-Type-Options': 'nosniff', 'Content-Security-Policy': ""default-src 'self'"", 'X-Content-Security-Policy': ""default-src 'self'"", 'X-WebKit-CSP': ""default-src 'self'"", 'Cache-Control': 'no-cache, no-store, must-revalidate', 'Pragma': 'no-cache', 'Expires': '0', 'X-Cache': 'Error from cloudfront', 'Via': '1.1 e3c40cafed3b63e76669b4bc6e5796e8.cloudfront.net (CloudFront)', 'X-Amz-Cf-Pop': 'HKG54-P2', 'X-Amz-Cf-Id': 'h11AIgdCqMh1G4DIMevhtp84ka2RtHr8WND6cSwP1WUMEOmKEXwqxA=='}, None)"
ETH,0x823584AEcC4695F5B4416897B9e231b3e7186f3b,0.00945,success,{'id': '4d6e65448f844eafa492c6ad61847c23'}
ETH,0x17BeaE2C3e0f4683b3399Ff07FBDA6F229200Ff4,0.00871,success,{'id': 'b250c3c3b35d490fad7871cd6d009f19'}
ETH,0x7545B3776BD84285F9625d7a97e79B9F25bD379e,0.0083,success,{'id': 'ac27a4969292420394021d2324dfb8d9'}
ETH,0x21EF656D46Ef7Cf2c7D916E83B31A84567cB0837,0.0097,failed,"(400, -2015, 'Invalid API-key, IP, or permissions for action.', {'Content-Type': 'application/json', 'Content-Length': '70', 'Connection': 'keep-alive', 'Date': 'Thu, 08 May 2025 02:40:41 GMT', 'Server': 'nginx', 'Strict-Transport-Security': 'max-age=31536000; includeSubdomains', 'X-Frame-Options': 'SAMEORIGIN', 'X-Xss-Protection': '1; mode=block', 'X-Content-Type-Options': 'nosniff', 'Content-Security-Policy': ""default-src 'self'"", 'X-Content-Security-Policy': ""default-src 'self'"", 'X-WebKit-CSP': ""default-src 'self'"", 'Cache-Control': 'no-cache, no-store, must-revalidate', 'Pragma': 'no-cache', 'Expires': '0', 'X-Cache': 'Error from cloudfront', 'Via': '1.1 2c8849b76728bafd760d0b71186f7bd2.cloudfront.net (CloudFront)', 'X-Amz-Cf-Pop': 'HKG1-P1', 'X-Amz-Cf-Id': '6Z2Uwpp4-Ek9b3iPbJ8wfT-gOzeBTkwMyO3kSFQl0N16sDVkGIkX7g=='}, None)"
ETH,0x2710aB77E9a0b9b995F44A9A3d849F4AE6F158aB,0.00961,success,{'id': '4521eeb4b1ed46e6bf5665e03ace35e1'}
ETH,0x3e8d7df80aCE57aE5A5b587FA3AbADE38af0FEE8,0.00852,failed,"(400, -2015, 'Invalid API-key, IP, or permissions for action.', {'Content-Type': 'application/json', 'Content-Length': '70', 'Connection': 'keep-alive', 'Date': 'Thu, 08 May 2025 02:45:43 GMT', 'Server': 'nginx', 'Strict-Transport-Security': 'max-age=31536000; includeSubdomains', 'X-Frame-Options': 'SAMEORIGIN', 'X-Xss-Protection': '1; mode=block', 'X-Content-Type-Options': 'nosniff', 'Content-Security-Policy': ""default-src 'self'"", 'X-Content-Security-Policy': ""default-src 'self'"", 'X-WebKit-CSP': ""default-src 'self'"", 'Cache-Control': 'no-cache, no-store, must-revalidate', 'Pragma': 'no-cache', 'Expires': '0', 'X-Cache': 'Error from cloudfront', 'Via': '1.1 b02f1da3681c9ab21069cabd3519feea.cloudfront.net (CloudFront)', 'X-Amz-Cf-Pop': 'HKG1-P1', 'X-Amz-Cf-Id': 'buTQZg8QdHmAT5LdCAkDxv1ii7JStT-xeZqSYrRnzyddpbuEvpdrOg=='}, None)"
ETH,0x6F5568094203a3B902f0C04296413e6A5767c279,0.00939,success,{'id': 'b433fc3e1dd54e539a1cc8d27ba24fe7'}
ETH,0x4b832B8904b93D8E168cC65b10a4a87BAD984e89,0.00911,success,{'id': 'bd0e92e9a76548a8a897b4f32432d4ba'}
ETH,0x70637aAaCffF8C48e79671b744eadc1584670537,0.00924,success,{'id': 'e8388dbe0e514ef18be2f81b04185058'}
ETH,0x10356b99579F1133506A6289580A394A1ff9ada8,0.00962,success,{'id': 'fd8e986cbd064562a4803b8c94587a8f'}
ETH,0xe21138054C16760fAED2392c83C301af01dEf67D,0.00864,success,{'id': '1bb3eb30ab384c7da62fe80946197af9'}
ETH,0xc9E3Cb9bBe1A9Ca5a1FB01012D16e3EaBEcF4B28,0.00801,failed,"(400, -2015, 'Invalid API-key, IP, or permissions for action.', {'Content-Type': 'application/json', 'Content-Length': '70', 'Connection': 'keep-alive', 'Date': 'Thu, 08 May 2025 02:55:54 GMT', 'Server': 'nginx', 'Strict-Transport-Security': 'max-age=31536000; includeSubdomains', 'X-Frame-Options': 'SAMEORIGIN', 'X-Xss-Protection': '1; mode=block', 'X-Content-Type-Options': 'nosniff', 'Content-Security-Policy': ""default-src 'self'"", 'X-Content-Security-Policy': ""default-src 'self'"", 'X-WebKit-CSP': ""default-src 'self'"", 'Cache-Control': 'no-cache, no-store, must-revalidate', 'Pragma': 'no-cache', 'Expires': '0', 'X-Cache': 'Error from cloudfront', 'Via': '1.1 fa0228a928de22a353d181022f58eb78.cloudfront.net (CloudFront)', 'X-Amz-Cf-Pop': 'HKG1-P1', 'X-Amz-Cf-Id': 'hHmxr9C91uTeStTu7sH2hxxvar3vkJmpWZDHr7wYg5QcFNRGgMiKBg=='}, None)"
ETH,0x1CD73C554234bcC21C6cda21B3abF7eb20EbDa27,0.00939,failed,"(400, -2015, 'Invalid API-key, IP, or permissions for action.', {'Content-Type': 'application/json', 'Content-Length': '70', 'Connection': 'keep-alive', 'Date': 'Thu, 08 May 2025 02:59:38 GMT', 'Server': 'nginx', 'Strict-Transport-Security': 'max-age=31536000; includeSubdomains', 'X-Frame-Options': 'SAMEORIGIN', 'X-Xss-Protection': '1; mode=block', 'X-Content-Type-Options': 'nosniff', 'Content-Security-Policy': ""default-src 'self'"", 'X-Content-Security-Policy': ""default-src 'self'"", 'X-WebKit-CSP': ""default-src 'self'"", 'Cache-Control': 'no-cache, no-store, must-revalidate', 'Pragma': 'no-cache', 'Expires': '0', 'X-Cache': 'Error from cloudfront', 'Via': '1.1 fa0228a928de22a353d181022f58eb78.cloudfront.net (CloudFront)', 'X-Amz-Cf-Pop': 'HKG1-P1', 'X-Amz-Cf-Id': '_a9pzc-Fys6hSs1nvUuFLr1TprF-BcU1Dil3Dmc1uu6mJ9ZinUb6gA=='}, None)"
ETH,0xb21834D3F3bA3d7567D806128143F73A7Be1C997,0.00803,success,{'id': '2e78f69ddde94ad0adfece94c5cf1d56'}
ETH,0x37cc83DD69E02870216bE16d896FA94686C5e53d,0.0081,failed,"(400, -2015, 'Invalid API-key, IP, or permissions for action.', {'Content-Type': 'application/json', 'Content-Length': '70', 'Connection': 'keep-alive', 'Date': 'Thu, 08 May 2025 03:03:23 GMT', 'Expires': '0', 'Server': 'nginx', 'Strict-Transport-Security': 'max-age=31536000; includeSubdomains', 'X-Frame-Options': 'SAMEORIGIN', 'X-Xss-Protection': '1; mode=block', 'X-Content-Type-Options': 'nosniff', 'Content-Security-Policy': ""default-src 'self'"", 'X-Content-Security-Policy': ""default-src 'self'"", 'X-WebKit-CSP': ""default-src 'self'"", 'Cache-Control': 'no-cache, no-store, must-revalidate', 'Pragma': 'no-cache', 'X-Cache': 'Error from cloudfront', 'Via': '1.1 9ceb6f6178c8096ab5d16ef9ff7d1016.cloudfront.net (CloudFront)', 'X-Amz-Cf-Pop': 'HKG54-P2', 'X-Amz-Cf-Id': 'phP5AY9Wg0mYIBVMYQ3JJzm2D7ic84jrY_cxWNnBIMEvLKhoaXMd6A=='}, None)"
ETH,0x6395119F31E4711ADC72729D6eFb8De5FAc8abc7,0.00916,success,{'id': '407234fed3d94668aeef2063eec45209'}
ETH,0xE81ec81c471426BC01A44f1DC91b8Ae41248634a,0.00904,success,{'id': 'da0fd4d1078f48d2968b13e24548b86b'}
ETH,0x0eC137e0f62142138740aB4Fc14A0A8E385b0e6F,0.00867,success,{'id': '85af4a148e204344af180cf18af6da76'}
ETH,0xC05AfD184A7c5f97794c55c52eA47352d11DBf01,0.00818,success,{'id': '4567cd9c89c84f5ca49b05619b9f350d'}
ETH,0x3651268FF665570816aCA30e415a194684F69ca1,0.00894,failed,"(400, -2015, 'Invalid API-key, IP, or permissions for action.', {'Content-Type': 'application/json', 'Content-Length': '70', 'Connection': 'keep-alive', 'Date': 'Thu, 08 May 2025 03:17:44 GMT', 'Server': 'nginx', 'Strict-Transport-Security': 'max-age=31536000; includeSubdomains', 'X-Frame-Options': 'SAMEORIGIN', 'X-Xss-Protection': '1; mode=block', 'X-Content-Type-Options': 'nosniff', 'Content-Security-Policy': ""default-src 'self'"", 'X-Content-Security-Policy': ""default-src 'self'"", 'X-WebKit-CSP': ""default-src 'self'"", 'Cache-Control': 'no-cache, no-store, must-revalidate', 'Pragma': 'no-cache', 'Expires': '0', 'X-Cache': 'Error from cloudfront', 'Via': '1.1 d16206ddd63a6754e0e2f5c5f00eda02.cloudfront.net (CloudFront)', 'X-Amz-Cf-Pop': 'HKG54-P2', 'X-Amz-Cf-Id': 'yotlcyIEgzjbO66zyeK8waM5BqrqtDFEcD6HxU0pj16TCHejhHB_tA=='}, None)"
ETH,0x42Bc060b046bB3f2238cd5F6D85Fad91bd6024B7,0.00862,success,{'id': '8c44783faf32405e87fe023696a8e3c2'}
ETH,0x7c8C4F0D2da3E5843bA5055d41f4a60f1B0142f7,0.00945,success,{'id': '768803a9ad2d45b9a9e607b7ba71e63a'}
ETH,0x1775124D107F8a13F83Cd6ac8aCA538bC15eC16C,0.00832,failed,"(400, -2015, 'Invalid API-key, IP, or permissions for action.', {'Content-Type': 'application/json', 'Content-Length': '70', 'Connection': 'keep-alive', 'Date': 'Thu, 08 May 2025 03:28:59 GMT', 'Server': 'nginx', 'Strict-Transport-Security': 'max-age=31536000; includeSubdomains', 'X-Frame-Options': 'SAMEORIGIN', 'X-Xss-Protection': '1; mode=block', 'X-Content-Type-Options': 'nosniff', 'Content-Security-Policy': ""default-src 'self'"", 'X-Content-Security-Policy': ""default-src 'self'"", 'X-WebKit-CSP': ""default-src 'self'"", 'Cache-Control': 'no-cache, no-store, must-revalidate', 'Pragma': 'no-cache', 'Expires': '0', 'X-Cache': 'Error from cloudfront', 'Via': '1.1 0fb47c775ee2a3663825bca9897ba11e.cloudfront.net (CloudFront)', 'X-Amz-Cf-Pop': 'HKG1-P1', 'X-Amz-Cf-Id': 'snIt99srmCLSYQPtvLMaTV7hvcunqQyU35tMJx2E6emqI3SqGP5yEg=='}, None)"
ETH,0x6EA295a1B55898B31e7e8761FFC7faDddF3368AC,0.00835,failed,"(400, -2015, 'Invalid API-key, IP, or permissions for action.', {'Content-Type': 'application/json', 'Content-Length': '70', 'Connection': 'keep-alive', 'Date': 'Thu, 08 May 2025 03:31:50 GMT', 'Server': 'nginx', 'Strict-Transport-Security': 'max-age=31536000; includeSubdomains', 'X-Frame-Options': 'SAMEORIGIN', 'X-Xss-Protection': '1; mode=block', 'X-Content-Type-Options': 'nosniff', 'Content-Security-Policy': ""default-src 'self'"", 'X-Content-Security-Policy': ""default-src 'self'"", 'X-WebKit-CSP': ""default-src 'self'"", 'Cache-Control': 'no-cache, no-store, must-revalidate', 'Pragma': 'no-cache', 'Expires': '0', 'X-Cache': 'Error from cloudfront', 'Via': '1.1 3448fddde721c06696a591caf57a416c.cloudfront.net (CloudFront)', 'X-Amz-Cf-Pop': 'HKG1-P1', 'X-Amz-Cf-Id': 'IWfX-UlRXtLW-G58tvavcFxiBWX_suzN54qbXk2ZO23mtmjZX_goAQ=='}, None)"
ETH,0x495A17a1678060A2f9c57200843bDb1048B986B9,0.00962,success,{'id': '7cbdc96fc9ed4e1293e27c0484ff48c5'}
ETH,0xd049D09bA33B78969c5c6Cb4FBF9777B82748d01,0.00946,failed,"(400, -2015, 'Invalid API-key, IP, or permissions for action.', {'Content-Type': 'application/json', 'Content-Length': '70', 'Connection': 'keep-alive', 'Date': 'Thu, 08 May 2025 03:37:56 GMT', 'Server': 'nginx', 'Strict-Transport-Security': 'max-age=31536000; includeSubdomains', 'X-Frame-Options': 'SAMEORIGIN', 'X-Xss-Protection': '1; mode=block', 'X-Content-Type-Options': 'nosniff', 'Content-Security-Policy': ""default-src 'self'"", 'X-Content-Security-Policy': ""default-src 'self'"", 'X-WebKit-CSP': ""default-src 'self'"", 'Cache-Control': 'no-cache, no-store, must-revalidate', 'Pragma': 'no-cache', 'Expires': '0', 'X-Cache': 'Error from cloudfront', 'Via': '1.1 9fffb4454d1b745261c69785b74b8a80.cloudfront.net (CloudFront)', 'X-Amz-Cf-Pop': 'HKG54-P2', 'X-Amz-Cf-Id': 'VNNjGRlBl3mhJ1LFAJMyjeXsQWqC0uPHd_b2OaeXySBNBUp6rTszDA=='}, None)"
ETH,0x6164a3777FED9EF41fA3a49b7e6096b08Ac74B39,0.00879,success,{'id': '4e329f2bd76140ce94102f966cc5e2b2'}
ETH,0xC5ad2fcBc5f242cF81901E7Dd5367b8Bd2ef9940,0.00856,failed,"(400, -2015, 'Invalid API-key, IP, or permissions for action.', {'Content-Type': 'application/json', 'Content-Length': '70', 'Connection': 'keep-alive', 'Date': 'Thu, 08 May 2025 03:45:02 GMT', 'Server': 'nginx', 'Strict-Transport-Security': 'max-age=31536000; includeSubdomains', 'X-Frame-Options': 'SAMEORIGIN', 'X-Xss-Protection': '1; mode=block', 'X-Content-Type-Options': 'nosniff', 'Content-Security-Policy': ""default-src 'self'"", 'X-Content-Security-Policy': ""default-src 'self'"", 'X-WebKit-CSP': ""default-src 'self'"", 'Cache-Control': 'no-cache, no-store, must-revalidate', 'Pragma': 'no-cache', 'Expires': '0', 'X-Cache': 'Error from cloudfront', 'Via': '1.1 c8300eed0230a129b2b5696d1d6037f0.cloudfront.net (CloudFront)', 'X-Amz-Cf-Pop': 'HKG1-P1', 'X-Amz-Cf-Id': '9nzXcTi66WngaTpo41xXgNXLF8qcF81ltog1JEWujyyKBg6uHgS6aA=='}, None)"
ETH,0xa5542Af7Bde17aeC85eB977192acC8a3053DfC54,0.00934,success,{'id': 'b6dfaf51d76f4789a38ff28461e3adab'}
ETH,0xe24f297aEC6e68F64C616ABB14a2932a6451B343,0.00826,failed,"(400, -2015, 'Invalid API-key, IP, or permissions for action.', {'Content-Type': 'application/json', 'Content-Length': '70', 'Connection': 'keep-alive', 'Date': 'Thu, 08 May 2025 03:48:17 GMT', 'Server': 'nginx', 'Strict-Transport-Security': 'max-age=31536000; includeSubdomains', 'X-Frame-Options': 'SAMEORIGIN', 'X-Xss-Protection': '1; mode=block', 'X-Content-Type-Options': 'nosniff', 'Content-Security-Policy': ""default-src 'self'"", 'X-Content-Security-Policy': ""default-src 'self'"", 'X-WebKit-CSP': ""default-src 'self'"", 'Cache-Control': 'no-cache, no-store, must-revalidate', 'Pragma': 'no-cache', 'Expires': '0', 'X-Cache': 'Error from cloudfront', 'Via': '1.1 4020b6d7a4c5bb75df947be2b8b3c324.cloudfront.net (CloudFront)', 'X-Amz-Cf-Pop': 'HKG1-P1', 'X-Amz-Cf-Id': '0A6joRM40yCK9S8PKmSBTfQ3tS2iWjB0n72wJQDwIlyGP6o5e-82Xg=='}, None)"
ETH,0x888f6106aa691f8201B34CAa2266E127454fD351,0.00833,failed,"(400, -2015, 'Invalid API-key, IP, or permissions for action.', {'Content-Type': 'application/json', 'Content-Length': '70', 'Connection': 'keep-alive', 'Date': 'Thu, 08 May 2025 03:51:47 GMT', 'Server': 'nginx', 'Strict-Transport-Security': 'max-age=31536000; includeSubdomains', 'X-Frame-Options': 'SAMEORIGIN', 'X-Xss-Protection': '1; mode=block', 'X-Content-Type-Options': 'nosniff', 'Content-Security-Policy': ""default-src 'self'"", 'X-Content-Security-Policy': ""default-src 'self'"", 'X-WebKit-CSP': ""default-src 'self'"", 'Cache-Control': 'no-cache, no-store, must-revalidate', 'Pragma': 'no-cache', 'Expires': '0', 'X-Cache': 'Error from cloudfront', 'Via': '1.1 ae5469138301e8d865a948ccb42090f4.cloudfront.net (CloudFront)', 'X-Amz-Cf-Pop': 'HKG54-P2', 'X-Amz-Cf-Id': 'DZ4MGQz0ND1JsDU-wmiar4gEM729NIHKZCqyP90Luf2chWGT0NjQcQ=='}, None)"
ETH,0x3cDee72B731c6Cb03EF2c2055E0547dA7bc65293,0.00883,success,{'id': '13a411beeff44586ba65f48d4486fad0'}
ETH,0x51bC32DF8EF3248eE27cF5B4C2559eFE398011dE,0.00802,failed,"(400, -2015, 'Invalid API-key, IP, or permissions for action.', {'Content-Type': 'application/json', 'Content-Length': '70', 'Connection': 'keep-alive', 'Date': 'Thu, 08 May 2025 03:58:51 GMT', 'Server': 'nginx', 'Strict-Transport-Security': 'max-age=31536000; includeSubdomains', 'X-Frame-Options': 'SAMEORIGIN', 'X-Xss-Protection': '1; mode=block', 'X-Content-Type-Options': 'nosniff', 'Content-Security-Policy': ""default-src 'self'"", 'X-Content-Security-Policy': ""default-src 'self'"", 'X-WebKit-CSP': ""default-src 'self'"", 'Cache-Control': 'no-cache, no-store, must-revalidate', 'Pragma': 'no-cache', 'Expires': '0', 'X-Cache': 'Error from cloudfront', 'Via': '1.1 b02f1da3681c9ab21069cabd3519feea.cloudfront.net (CloudFront)', 'X-Amz-Cf-Pop': 'HKG1-P1', 'X-Amz-Cf-Id': 'elyc7GMXkPGDSUno8vfxLSAjHFqTtMsA7LluVYaJIjE0LVcuPkkmUg=='}, None)"
